<?xml version="1.0" encoding="UTF-8"?>
<!DOCTYPE mapper PUBLIC "-//mybatis.org//DTD Mapper 3.0//EN" "http://mybatis.org/dtd/mybatis-3-mapper.dtd">
<mapper namespace="com.xiaoshu.dao.StudentMapper">
  <resultMap id="BaseResultMap" type="com.xiaoshu.entity.Student">
    <!--
      WARNING - @mbg.generated
    -->
    <id column="stu_id" jdbcType="INTEGER" property="stuId" />
    <result column="stu_sname" jdbcType="VARCHAR" property="stuSname" />
    <result column="stu_birthday" jdbcType="DATE" property="stuBirthday" />
    <result column="stu_age" jdbcType="INTEGER" property="stuAge" />
    <result column="stu_sid" jdbcType="INTEGER" property="stuSid" />
  </resultMap>
  <resultMap extends="BaseResultMap" id="ResultMapWithBLOBs" type="com.xiaoshu.entity.Student">
    <!--
      WARNING - @mbg.generated
    -->
    <result column="stu_gender" jdbcType="VARBINARY" property="stuGender" />
  </resultMap>
  <sql id="Example_Where_Clause">
    <!--
      WARNING - @mbg.generated
    -->
    <where>
      <foreach collection="oredCriteria" item="criteria" separator="or">
        <if test="criteria.valid">
          <trim prefix="(" prefixOverrides="and" suffix=")">
            <foreach collection="criteria.criteria" item="criterion">
              <choose>
                <when test="criterion.noValue">
                  and ${criterion.condition}
                </when>
                <when test="criterion.singleValue">
                  and ${criterion.condition} #{criterion.value}
                </when>
                <when test="criterion.betweenValue">
                  and ${criterion.condition} #{criterion.value} and #{criterion.secondValue}
                </when>
                <when test="criterion.listValue">
                  and ${criterion.condition}
                  <foreach close=")" collection="criterion.value" item="listItem" open="(" separator=",">
                    #{listItem}
                  </foreach>
                </when>
              </choose>
            </foreach>
          </trim>
        </if>
      </foreach>
    </where>
  </sql>
  <sql id="Update_By_Example_Where_Clause">
    <!--
      WARNING - @mbg.generated
    -->
    <where>
      <foreach collection="example.oredCriteria" item="criteria" separator="or">
        <if test="criteria.valid">
          <trim prefix="(" prefixOverrides="and" suffix=")">
            <foreach collection="criteria.criteria" item="criterion">
              <choose>
                <when test="criterion.noValue">
                  and ${criterion.condition}
                </when>
                <when test="criterion.singleValue">
                  and ${criterion.condition} #{criterion.value}
                </when>
                <when test="criterion.betweenValue">
                  and ${criterion.condition} #{criterion.value} and #{criterion.secondValue}
                </when>
                <when test="criterion.listValue">
                  and ${criterion.condition}
                  <foreach close=")" collection="criterion.value" item="listItem" open="(" separator=",">
                    #{listItem}
                  </foreach>
                </when>
              </choose>
            </foreach>
          </trim>
        </if>
      </foreach>
    </where>
  </sql>
  <sql id="Base_Column_List">
    <!--
      WARNING - @mbg.generated
    -->
    stu_id, stu_sname, stu_birthday, stu_age, stu_sid
  </sql>
  <sql id="Blob_Column_List">
    <!--
      WARNING - @mbg.generated
    -->
    stu_gender
  </sql>
  <select id="findPage" parameterType="stuVo" resultType="stuVo">
  	SELECT stu.*,sch.sch_sname AS sname FROM tb_student stu,tb_school sch 
  	<where>
  		stu.stu_sid=sch.stu_sid
  			<if test="stuSname!=null and stuSname!=''">
  				and stu.stu_sname like '%${stuSname}%'
  			</if>
  			<if test="stuSid!=null and stuSid!=0">
  				and stu.stu_sid =#{stuSid}
  			</if>
  	</where>
  </select>
  
  <select id="getEcharts" resultType="StuVo">
  	SELECT COUNT(stu.stu_id) AS num,sch.sch_sname AS sname FROM tb_student stu,tb_school sch WHERE stu.stu_sid=sch.stu_sid GROUP BY sch.sch_sname
  </select>
</mapper>