<?xml version="1.0" encoding="UTF-8"?>
<beans xmlns="http://www.springframework.org/schema/beans" xmlns:context="http://www.springframework.org/schema/context" xmlns:xsi="http://www.w3.org/2001/XMLSchema-instance" xmlns:amq="http://activemq.apache.org/schema/core"
	xmlns:jms="http://www.springframework.org/schema/jms"
	xsi:schemaLocation="http://www.springframework.org/schema/beans   
		http://www.springframework.org/schema/beans/spring-beans.xsd
		http://www.springframework.org/schema/context   
		http://www.springframework.org/schema/context/spring-context.xsd">
		
		
	
	   
    <!-- 真正可以产生Connection的ConnectionFactory，由对应的 JMS服务厂商提供-->  
	<bean id="targetConnectionFactory" class="org.apache.activemq.ActiveMQConnectionFactory">  
	    <property name="brokerURL" value="tcp://127.0.0.1:61616"/>  
	</bean>
	   
    <!-- Spring用于管理真正的ConnectionFactory的ConnectionFactory -->  
	<bean id="connectionFactory" class="org.springframework.jms.connection.SingleConnectionFactory">  
	<!-- 目标ConnectionFactory对应真实的可以产生JMS Connection的ConnectionFactory -->  
	    <property name="targetConnectionFactory" ref="targetConnectionFactory"/>  
	</bean>  
		   
    <!-- Spring提供的JMS工具类，它可以进行消息发送、接收等 -->  
	<bean id="jmsTemplate" class="org.springframework.jms.core.JmsTemplate">  
	    <!-- 这个connectionFactory对应的是我们定义的Spring提供的那个ConnectionFactory对象 -->  
	    <property name="connectionFactory" ref="connectionFactory"/>  
	</bean>      
    <!--这个是队列目的地，点对点的  文本信息-->  
	<bean id="queueTextDestination" class="org.apache.activemq.command.ActiveMQQueue">  
	    <constructor-arg value="queue_text"/>  
	</bean>    
	
	<!-- 这个是订阅模式  文本信息
	<bean id="topicTextDestination" class="org.apache.activemq.command.ActiveMQTopic">  
	    <constructor-arg value="topic_text"/>  
	</bean>  --> 
	
</beans>